{
    "Name": "Sams",
    "Controls": [
      {
        "Name": "Allgemein",
        "Color": "#0099FF",
        "Server": "192.168.178.62",
        "ServerPort": 21600,
        "Elements": [
          [
            {
              "Text": "BPM",
              "Type": "number",
              "OSCAddress": "/beat/tempo",
              "Size": 4,
              "Min": 30,
              "DefaultValue": 135,
              "Max": 200,
              "Steps": 1

            },
            {
              "Text": "Master",
              "Type": "fader",
              "OSCAddress": "/output/master",
              "Size": 8,
              "Min": 0,
              "DefaultValue": 1,
              "Max": 1,
              "Steps": 0.01

            }
          ],
          [
            {
              "Text": "Putzlicht",
              "Type": "button",
              "OSCAddress": "/asdasd/asd",
              "DefaultValue": 1.0
            }
          ],
          [
            {
              "Text": "Strobe",
              "Type": "button",
              "OSCAddress": "/asdasd/asd",
              "DefaultValue": 1.0
            }
          ]
        ]
      },
      {
        "Name": "Floor",
        "Color": "#99FF66",
        "Server": "192.168.178.62",
        "ServerPort": 21600,
        "Elements": [
          [
            {
              "Text": "Master",
              "Type": "fader",
              "OSCAddress": "/output/master",
              "Size": 12,
              "Min": 0,
              "Max": 1,
              "Steps": 0.01,
              "DefaultValue": 1
            }
          ],
          [
            {
              "Text": "Waber",
              "Type": "button",
              "OSCAddress": "/live/Kontrollfeld/cue/Rnd/activate"
            },
            {
              "Text": "Strobe",
              "Type": "button",
              "OSCAddress": "/live/Kontrollfeld/cue/Cancen/activate",
              "DefaultValue": 1.0
            },
            {
              "Text": "Hell",
              "Type": "button",
              "OSCAddress": "/live/Kontrollfeld/cue/HnV/activate",
              "DefaultValue": 1.0,
              "Color": "#FF3020"
            },
            {
              "Text": "Laufen",
              "Type": "button",
              "OSCAddress": "/live/Kontrollfeld/cue/Runde/activate",
              "DefaultValue": 1.0
            }
          ],
          [
            {
              "Text": "  ",
              "Type": "text",
              "Size": 12
            },
            {
              "Text": "  ",
              "Type": "text",
              "Size": 12
            },
            {
              "Text": "Gang vorne",
              "Type": "text",
              "Size": 4,
              "Color": "white"
            },
            {
              "Text": "/8",
              "Type": "button",
              "OSCAddress": "/live/Kontrollfeld/frame/Bars_Dimmer/beatMultiplier",
              "Size": 1,
              "StringValue": "/8",
              "Color": "lightgray"
            },
            {
              "Text": "/6",
              "Type": "button",
              "OSCAddress": "/live/Kontrollfeld/frame/Bars_Dimmer/beatMultiplier",
              "Size": 1,
              "StringValue": "/6",
              "Color": "lightgray"
            },
            {
              "Text": "/4",
              "Type": "button",
              "OSCAddress": "/live/Kontrollfeld/frame/Bars_Dimmer/beatMultiplier",
              "Size": 1,
              "StringValue": "/4",
              "Color": "lightgray"
            },
            {
              "Text": "/3",
              "Type": "button",
              "OSCAddress": "/live/Kontrollfeld/frame/Bars_Dimmer/beatMultiplier",
              "Size": 1,
              "StringValue": "/3",
              "Color": "lightgray"
            },
            {
              "Text": "/2",
              "Type": "button",
              "OSCAddress": "/live/Kontrollfeld/frame/Bars_Dimmer/beatMultiplier",
              "Size": 1,
              "StringValue": "/2",
              "Color": "lightgray"
            },
            {
              "Text": "x1",
              "Type": "button",
              "OSCAddress": "/live/Kontrollfeld/frame/Bars_Dimmer/beatMultiplier",
              "Size": 1,
              "StringValue": "x1"
            },
            {
              "Text": "x2",
              "Type": "button",
              "OSCAddress": "/live/Kontrollfeld/frame/Bars_Dimmer/beatMultiplier",
              "Size": 1,
              "StringValue": "x2",
              "Color": "lightgray"
            },
            {
              "Text": "x3",
              "Type": "button",
              "OSCAddress": "/live/Kontrollfeld/frame/Bars_Dimmer/beatMultiplier",
              "Size": 1,
              "StringValue": "x3",
              "Color": "lightgray"
            }
          ],
          [
            {
              "Text": "Waber",
              "Type": "button",
              "OSCAddress": "/asdasd/asd",
              "DefaultValue": 1.0
            },
            {
              "Text": "Strobe",
              "Type": "button",
              "OSCAddress": "/asdasd/asd",
              "DefaultValue": 1.0
            },
            {
              "Text": "Hell",
              "Type": "button",
              "OSCAddress": "/asdasd/asd",
              "DefaultValue": 1.0,
              "Color": "#FF3020"
            },
            {
              "Text": "Laufen",
              "Type": "button",
              "OSCAddress": "/asdasd/asd",
              "DefaultValue": 1.0
            }
          ]
        ]

      }


    ]



  }
