{
  "mainAssemblyName": "OSCTest.Client",
  "resources": {
    "hash": "sha256-7UapKXtDIECmVG2q08xUd2XVI9WE2hY361IPWOHldCA=",
    "jsModuleNative": {
      "dotnet.native.8.0.1.tohhm0abgu.js": "sha256-0CpiwOraSQnlUxwc3S8IriaZOY04lEWIAUPsTRtBmZ0="
    },
    "jsModuleRuntime": {
      "dotnet.runtime.8.0.1.rswtxkdyko.js": "sha256-Ku87wH1PqQBERfzYiyEFtJe7Wz01eIr/RZ9ZVVClr2E="
    },
    "wasmNative": {
      "dotnet.native.wasm": "sha256-ZzBlisWIETvIdoLPWOHfQ8yThTCM73oRQTtznICQrN0="
    },
    "icu": {
      "icudt_CJK.dat": "sha256-SZLtQnRc0JkwqHab0VUVP7T3uBPSeYzxzDnpxPpUnHk=",
      "icudt_EFIGS.dat": "sha256-8fItetYY8kQ0ww6oxwTLiT3oXlBwHKumbeP2pRF4yTc=",
      "icudt_no_CJK.dat": "sha256-L7sV7NEYP37/Qr2FPCePo5cJqRgTXRwGHuwF5Q+0Nfs="
    },
    "assembly": {
      "Microsoft.AspNetCore.Components.Forms.wasm": "sha256-mD/Kkid5kAbCd8FTvX7nRa1Zrwyztxc16j0tUjgwvKc=",
      "Microsoft.AspNetCore.Components.wasm": "sha256-gOvz892NuSjWSfGOEn0GAEaUgMQshEVnGRPSKIH+u0A=",
      "Microsoft.AspNetCore.Components.Web.wasm": "sha256-62oOWuQZfQjnD+M1i3WsyuzbJ3t5cKkLBSalrnZtmOI=",
      "Microsoft.AspNetCore.Components.WebAssembly.wasm": "sha256-ptlYhAHv/VliyS74rP+HumQ4Qfgs6EWEGEESoyp9OMY=",
      "Microsoft.CSharp.wasm": "sha256-huMbIJ4qkAKAoC4s0TXjDXyPLq83YDYsvWZvAtp4Fwo=",
      "Microsoft.Extensions.Configuration.Abstractions.wasm": "sha256-87sn2TYqgdZ95sXmavjKEzoEfMgHnYQ9LOvnMX+aZcI=",
      "Microsoft.Extensions.Configuration.Json.wasm": "sha256-Sxmy2ZS134URxbHEvdbS6NcQ3zXS7UWx/5ZPpwiW7FA=",
      "Microsoft.Extensions.Configuration.wasm": "sha256-jYqHUZ07UYWc8POk7xhas6xQYH7t1qoTcylqoDqncJk=",
      "Microsoft.Extensions.DependencyInjection.Abstractions.wasm": "sha256-5P1aCSw0hEl0Ib/ZEyJcZpbGCZC8EwqjFl9i72g0Tx0=",
      "Microsoft.Extensions.DependencyInjection.wasm": "sha256-gg8xZqJsBBrrNEyUGzYqhL3sqkuZ4AHAvdTdL9nZ0S0=",
      "Microsoft.Extensions.Diagnostics.Abstractions.wasm": "sha256-/ZO9pdDuyENWL5A1ZMqAtCldXgeH4NtHCdT26SgcyXg=",
      "Microsoft.Extensions.Diagnostics.wasm": "sha256-nN9+f6ZapwKtfsKk4IF0KzI4CMvRe9Lqz0ITp6awTro=",
      "Microsoft.Extensions.Http.wasm": "sha256-fKnMu4MprpEzIpLkeqIThtfeQTzMfBbmF6I2u4vnbdU=",
      "Microsoft.Extensions.Localization.Abstractions.wasm": "sha256-dE2h1UxUqRgf+VIhx8G6lIu1W0tC/huKsmvl3ydfTGw=",
      "Microsoft.Extensions.Localization.wasm": "sha256-csBUd4QuytZ4vFjfWtJaYptncxX/miKR5lPhAB9gefg=",
      "Microsoft.Extensions.Logging.Abstractions.wasm": "sha256-P4s+ltPT3YlPC3DHCo8RLAQzzpKAacn3B8ZLLMOurng=",
      "Microsoft.Extensions.Logging.wasm": "sha256-UNn4eAqAPtbSHgJnCReGvnpT50olnwgaf/pMvcWBHkI=",
      "Microsoft.Extensions.Options.wasm": "sha256-iRFKIZppdsDcIezL/0NgJnvtz8gfDuEqQxGRoAhklXM=",
      "Microsoft.Extensions.Primitives.wasm": "sha256-Ms2HR5Gpug/0uRAzdk4SUNT76Ml3CjFv9Jo+dUIMGac=",
      "Microsoft.JSInterop.wasm": "sha256-LFEySM8Y7K8Po/tGNqDWegNpFEJRYBzDEHU1fNg3sD4=",
      "Microsoft.JSInterop.WebAssembly.wasm": "sha256-aCgxiIU+arbpOkgLngl1hBQLocrFL2/t1zUJV8HXOzI=",
      "MudBlazor.ThemeManager.wasm": "sha256-6Lr6gFCl6WJnw2BcLqle3fx++oBGrrb0v7iP38sb03Q=",
      "MudBlazor.wasm": "sha256-RSckHu4JI6ycO7MoG5Rr4DBG99yvi6CQmrVURPyPwzA=",
      "netstandard.wasm": "sha256-JFIlj2w8XD8ofxBJ4et0BNu0ANtaVt7uxRq34lu/gog=",
      "Newtonsoft.Json.Bson.wasm": "sha256-VxfTY/Ckiz5BNvQbcB31OYXhY4HGHJtODt5rRbjDIK0=",
      "Newtonsoft.Json.wasm": "sha256-PaicHOw1U7HF05kEvZI0Rgg1nwdA8hrzbzdkw1qgUuU=",
      "OSCTest.Client.wasm": "sha256-j337LlSxg1qi3AUOIhjtkeSOpghJ1QTfmYUy3zCK0k8=",
      "System.Buffers.wasm": "sha256-G8vmyRUeSU2prT4CIddLyhTFLqQBxDyeT+D422glpLs=",
      "System.Collections.Concurrent.wasm": "sha256-dkVPgLRaz+hNJ4YxaeIiS4gSpgwZ7m0JWL/UiVt+7xo=",
      "System.Collections.Immutable.wasm": "sha256-70jsBtGvlUF4c1vLbfprIxWpEJaeQ6shuLSQn0VkUKs=",
      "System.Collections.NonGeneric.wasm": "sha256-6hGq+hvU0AP8w9fjPPbG//k5zsgZnPaiqWu0JFXpjFk=",
      "System.Collections.Specialized.wasm": "sha256-pcpXI1C4rDifW92gn8/Zz57Jasns4Lo7BY6VEk5fxVo=",
      "System.Collections.wasm": "sha256-n9EhoeeyWu5a/i6pHGkmQ/4wlEobm2DdKYJXuSBk+7A=",
      "System.ComponentModel.Annotations.wasm": "sha256-C8K2SveF24lB0lUUkodKpHSv5tLBQi4gUa5O0+n9dK0=",
      "System.ComponentModel.EventBasedAsync.wasm": "sha256-FAisJecWE4laHsEkL+0A1SVY7hT0szKyjoQTyPhxuYI=",
      "System.ComponentModel.Primitives.wasm": "sha256-GvgDezTkN2L6mqGurvsNmRqC7pQ3Upn51iodQKZ6H6M=",
      "System.ComponentModel.TypeConverter.wasm": "sha256-6RaDK8CLczFtD/xZoT6/B7Bn3HbCkwzPHXj8fzUr7fA=",
      "System.ComponentModel.wasm": "sha256-Vh5vzMVEuonlvqTsizUeuB/W9ebxXqxtMP+l90dYCqs=",
      "System.Console.wasm": "sha256-Luy+5hG1lXcHYK0NMS67fvhQ7F3F+k1Jsjdga66sfzE=",
      "System.Data.Common.wasm": "sha256-t1MX6ODhbVqHHmoHqw7YvV+b+2otav08mdMRoVDE4pQ=",
      "System.Diagnostics.DiagnosticSource.wasm": "sha256-NPPvYhjXTmT7oOGFXy5FyvMiTeAlDO+6hLw7VhJFDiM=",
      "System.Diagnostics.TraceSource.wasm": "sha256-UnoTWLnNijy2vmn6LiJ7AdGvGUitM6eSKWmHdmBAl8A=",
      "System.Drawing.Primitives.wasm": "sha256-2/0NpXChm7jvO9goFNsdM7Nsu2ELqSwb/ZbaC/uYr2E=",
      "System.Drawing.wasm": "sha256-sJaJZN4vuLoigDIh++0M065+ATdPJYzKff183sk1F58=",
      "System.Linq.Expressions.wasm": "sha256-fWp57pytkaLyTS3nHxG1Yz6Ks9ghFxTYp6H1eeE8aYI=",
      "System.Linq.wasm": "sha256-c8QBBIIKPCbp+OycA8K4IT77+cVfYezAPew/GIracNc=",
      "System.Memory.wasm": "sha256-Blh+0HQF1HjY3eaa+vlMLBFLWNOFlQ54L6N2btQCMNo=",
      "System.Net.Http.Formatting.wasm": "sha256-UnnsaNnAtvbPmwU+W9Zj7sdU05nYJziM6pYpbeaK1dg=",
      "System.Net.Http.wasm": "sha256-oKMoGwE6XVO7ixHiqYkXYzMAYgXAGwqr4J1rJwbN82E=",
      "System.Net.Primitives.wasm": "sha256-PwaXc+L7nn9LNc0sbsGRYqFDNfoH2Z4qVq3xyjLlVZE=",
      "System.ObjectModel.wasm": "sha256-I7hxTUw9SrzrBLDqdZltn8ZYb1KsVTxc0ByFTxhYjnM=",
      "System.Private.CoreLib.wasm": "sha256-c6YqFUA1xehnQcvS//4tMjCB/BTtbT3qYoRleYySGdg=",
      "System.Private.DataContractSerialization.wasm": "sha256-x6WmW1E/DOV916wfM1nXeD0Nm667FZZ7n7/tx42ZJXc=",
      "System.Private.Uri.wasm": "sha256-I2cfy02R5F1wo4te32bL3k8yrwS3FmkluvWdODGCZfs=",
      "System.Private.Xml.Linq.wasm": "sha256-82ZselFaLDwj+KBKpbNKTZ2LZ0Es4MMYXz6igtZr+30=",
      "System.Private.Xml.wasm": "sha256-zL5IA4th9yQ9hEvTQfYRnAwSNzESPYxUfqegfcR26sE=",
      "System.Runtime.InteropServices.JavaScript.wasm": "sha256-zvyYe2S1pMCQrYtwcVvYrcyFq1Q52w1EBmVeH1FONJQ=",
      "System.Runtime.Numerics.wasm": "sha256-lF96QyGffE0QWCdLnmgARexKlLYC/e6XEpUxM97B75k=",
      "System.Runtime.Serialization.Formatters.wasm": "sha256-FMFMpEYqp1CecckXoDk8mJAkA5I2J953Pz4lgvwvLnM=",
      "System.Runtime.Serialization.Primitives.wasm": "sha256-kHLd1ANswX2v8u8LT/oAlXwCBdJMN1ZLOWVa2So7xpw=",
      "System.Runtime.wasm": "sha256-ich15MTBt4kvNKEQMQ7Q9wDHvjhS3ZRBY4ykdmUv9oY=",
      "System.Security.Cryptography.wasm": "sha256-cJhOnaebMbcUvww6DQ8M9m3iHV8bnXlN8EkR4L630Jo=",
      "System.Text.Encodings.Web.wasm": "sha256-9QRaVOGJHGVEjeqYgHJmDmtcs/SZWI462xqj+rHAwSs=",
      "System.Text.Json.wasm": "sha256-jW3DjMD83cS/XN0H5PHxN/K/0J+hbHmgI4y5jvUQ5FM=",
      "System.Text.RegularExpressions.wasm": "sha256-vQ7mIX44uqysymtLbWoHX/+MjbZbiW4QZTJAjTChJTk=",
      "System.Threading.Tasks.Extensions.wasm": "sha256-aDayPVhcNNXlcmOssHtGiZOPrwVgd2OiBRX2rgnjO9U=",
      "System.wasm": "sha256-mz9TTOZHdZB72EwVUvfUGYm0ISHFeTKGkD9FGSVT+RA=",
      "System.Web.HttpUtility.wasm": "sha256-SlVoRlzAqpqQJ9ZmIV1wGA7H+RdYOJDZr4lSV74+Myw=",
      "System.Xml.Linq.wasm": "sha256-BXTRyGMdUj4gB4DPf0112vAPN0NsAp+Bl59bYYTEz1k="
    }
  },
  "cacheBootResources": true,
  "debugLevel": 0,
  "linkerEnabled": true,
  "appsettings": [
    "../appsettings.Development.json",
    "../appsettings.json"
  ],
  "globalizationMode": "sharded",
  "extensions": {
    "blazor": {}
  }
}